{
  "version": 1,
  "author": "Sara Mostafa 202201305",
  "editor": "wokwi",
  "parts": [
    { "type": "board-esp32-devkit-c-v4", "id": "esp", "top": -19.2, "left": 168.04, "attrs": {} },
    { "type": "wokwi-dht22", "id": "dht1", "top": 19.5, "left": -53.4, "attrs": {} }
  ],
  "connections": [
    [ "esp:TX", "$serialMonitor:RX", "", [] ],
    [ "esp:RX", "$serialMonitor:TX", "", [] ],
    [ "dht1:VCC", "esp:3V3", "red", [ "v57.6", "h153.6", "v-182.4" ] ],
    [ "esp:GND.1", "dht1:GND", "black", [ "h-38.25", "v115.2", "h0" ] ],
    [ "esp:2", "dht1:SDA", "green", [ "h76.8", "v172.8", "h0" ] ]
  ],
  "dependencies": {}
}