[
    {
        "id": "0a0e515ffffc1fa1",
        "type": "ui_gauge",
        "z": "7c308a0bb3f87d4e",
        "name": "",
        "group": "7eedf16ad9f87891",
        "order": 0,
        "width": 0,
        "height": 0,
        "gtype": "gage",
        "title": "Humidity",
        "label": "units",
        "format": "{{value}}",
        "min": 0,
        "max": 10,
        "colors": [
            "#00b500",
            "#e6e600",
            "#ca3838"
        ],
        "seg1": "",
        "seg2": "",
        "diff": false,
        "className": "",
        "x": 280,
        "y": 160,
        "wires": []
    },
    {
        "id": "7eedf16ad9f87891",
        "type": "ui_group",
        "name": "Home",
        "tab": "fbc14a0f9a601eb6",
        "order": 1,
        "disp": true,
        "width": 6,
        "collapse": false,
        "className": ""
    },
    {
        "id": "fbc14a0f9a601eb6",
        "type": "ui_tab",
        "name": "sensors",
        "icon": "dashboard",
        "disabled": false,
        "hidden": false
    },
    {
        "id": "5998c580ae87a3a3",
        "type": "global-config",
        "env": [],
        "modules": {
            "node-red-dashboard": "3.6.6"
        }
    }
]